"wdb";"wdb_code";"wdb_region";"continent5";"region";"un";"un2";"un3";"namePTBR";"isCountry";"numCode";"isoName";"iso2";"iso3";"independent";"countryLat";"countryLon";"isSmall";"parentState";"isEU";"countryName";"capitalName";"capitalLat";"capitalLon";"continent7";"FAOSTAT"
"Afghanistan";"AFG";"South Asia";"Asia";"Afghanistan";"Afghanistan";"Afghanistan";"Afghanistan";"Afeganistão";TRUE;4;"Afghanistan";"AF";"AFG";"Yes";34,28;65,68;NA;NA;NA;"Afghanistan";"Kabul";34,5166666666667;69,183333;"Asia";2
"Albania";"ALB";"Europe & Central Asia";"Europe";"Albania";"Albania";"Albania";"Albania";"Albânia";TRUE;8;"Albania";"AL";"ALB";"Yes";41,22;19,98;NA;NA;NA;"Albania";"Tirana";41,3166666666667;19,816667;"Europe";3
"Algeria";"DZA";"Middle East & North Africa";"Africa";"Algeria";"Algeria";"Algeria";"Algeria";"Argélia";TRUE;12;"Algeria";"DZ";"DZA";"Yes";27,92;2,62;NA;NA;NA;"Algeria";"Algiers";36,75;3,05;"Africa";4
"Andorra";"AND";"Europe & Central Asia";"Europe";"Andorra";"Andorra";"Andorra";"Andorra";"Andorra";TRUE;20;"Andorra";"AD";"AND";"Yes";42,54;1,56;TRUE;NA;NA;"Andorra";"Andorra la Vella";42,5;1,516667;"Europe";6
"Angola";"AGO";"Sub-Saharan Africa";"Africa";"Angola";"Angola";"Angola";"Angola";"Angola";TRUE;24;"Angola";"AO";"AGO";"Yes";-12,65;17,58;NA;NA;NA;"Angola";"Luanda";-8,83333333333333;13,216667;"Africa";7
"Antigua and Barbuda";"ATG";"Latin America & Caribbean";"America";"Antigua";"Antigua";"Antigua and Barbuda";"Antigua and Barbuda";"Antígua e Barbuda";TRUE;28;"Antigua and Barbuda";"AG";"ATG";"Yes";17,08;-61,8;NA;NA;NA;"Antigua and Barbuda";"Saint John's";17,1166666666667;-61,85;"Central America";8
"Argentina";"ARG";"Latin America & Caribbean";"America";"Argentina";"Argentina";"Argentina";"Argentina";"Argentina";TRUE;32;"Argentina";"AR";"ARG";"Yes";-33,69;-65,08;NA;NA;NA;"Argentina";"Buenos Aires";-34,5833333333333;-58,666667;"South America";9
"Armenia";"ARM";"Europe & Central Asia";"Asia";"Armenia";"Armenia";"Armenia";"Armenia";"Armênia";TRUE;51;"Armenia";"AM";"ARM";"Yes";40,35;44,56;NA;NA;NA;"Armenia";"Yerevan";40,1666666666667;44,5;"Europe";1
"Aruba";"ABW";"Latin America & Caribbean";"America";"Aruba";"Aruba";"Aruba";"Aruba";"Aruba";TRUE;533;"Aruba";"AW";"ABW";"No";12,5;-69,96;NA;"Netherlands";NA;"Aruba";"Oranjestad";12,5166666666667;-70,033333;"Central America";NA
"Australia";"AUS";"East Asia & Pacific";"Oceania";"Australia";"Australia";"Australia";"Australia";"Austrália";TRUE;36;"Australia";"AU";"AUS";"Yes";-25,08;134,25;NA;NA;NA;"Australia";"Canberra";-35,2666666666667;149,133333;"Oceania";10
"Austria";"AUT";"Europe & Central Asia";"Europe";"Austria";"Austria";"Austria";"Austria";"Áustria";TRUE;40;"Austria";"AT";"AUT";"Yes";47,52;14,12;NA;NA;FALSE;"Austria";"Vienna";48,2;16,366667;"Europe";11
"Azerbaijan";"AZE";"Europe & Central Asia";"Asia";"Azerbaijan";"Azerbaijan";"Azerbaijan";"Azerbaijan";"Azerbaijão";TRUE;31;"Azerbaijan";"AZ";"AZE";"Yes";40,32;47,99;NA;NA;NA;"Azerbaijan";"Baku";40,3833333333333;49,866667;"Europe";52
"Bahamas, The";"BHS";"Latin America & Caribbean";"America";"Bahamas";"Bahamas";"Bahamas";"Bahamas";"Bahamas";TRUE;44;"Bahamas";"BS";"BHS";"Yes";24,68;-78,03;TRUE;NA;NA;"Bahamas";"Nassau";25,0833333333333;-77,35;"Central America";12
"Bahrain";"BHR";"Middle East & North Africa";"Asia";"Bahrain";"Bahrain";"Bahrain";"Bahrain";"Bahrein";TRUE;48;"Bahrain";"BH";"BHR";"Yes";26,04;50,55;TRUE;NA;NA;"Bahrain";"Manama";26,2333333333333;50,566667;"Asia";13
"Bangladesh";"BGD";"South Asia";"Asia";"Bangladesh";"Bangladesh";"Bangladesh";"Bangladesh";"Bangladesh";TRUE;50;"Bangladesh";"BD";"BGD";"Yes";24,15;90,23;NA;NA;NA;"Bangladesh";"Dhaka";23,7166666666667;90,4;"Asia";16
"Barbados";"BRB";"Latin America & Caribbean";"America";"Barbados";"Barbados";"Barbados";"Barbados";"Barbados";TRUE;52;"Barbados";"BB";"BRB";"Yes";13,16;-59,55;TRUE;NA;NA;"Barbados";"Bridgetown";13,1;-59,616667;"Central America";14
"Belarus";"BLR";"Europe & Central Asia";"Europe";"Belarus";"Belarus";"Belarus";"Belarus";"Bielorússia";TRUE;112;"Belarus";"BY";"BLR";"Yes";53,48;28,14;NA;NA;NA;"Belarus";"Minsk";53,9;27,566667;"Europe";57
"Belgium";"BEL";"Europe & Central Asia";"Europe";"Belgium";"Belgium";"Belgium";"Belgium";"Bélgica";TRUE;56;"Belgium";"BE";"BEL";"Yes";50,64;4,67;NA;NA;FALSE;"Belgium";"Brussels";50,8333333333333;4,333333;"Europe";255
"Belize";"BLZ";"Latin America & Caribbean";"America";"Belize";"Belize";"Belize";"Belize";"Belize";TRUE;84;"Belize";"BZ";"BLZ";"Yes";16,92;-88,71;NA;NA;NA;"Belize";"Belmopan";17,25;-88,766667;"Central America";23
"Benin";"BEN";"Sub-Saharan Africa";"Africa";"Benin";"Benin";"Benin";"Benin";"Benin";TRUE;204;"Benin";"BJ";"BEN";"Yes";9,64;2,35;NA;NA;NA;"Benin";"Porto-Novo";6,48333333333333;2,616667;"Africa";53
"Bhutan";"BTN";"South Asia";"Asia";"Bhutan";"Bhutan";"Bhutan";"Bhutan";"Butão";TRUE;64;"Bhutan";"BT";"BTN";"Yes";27,41;90,45;NA;NA;NA;"Bhutan";"Thimphu";27,4666666666667;89,633333;"Asia";18
"Bolivia";"BOL";"Latin America & Caribbean";"America";"Bolivia";"Bolivia";"Bolivia (Plurinational State of)";"Bolivia (Plurinational State of)";"Bolívia";TRUE;68;"Bolivia (Plurinational State of)";"BO";"BOL";"Yes";-16,73;-64,63;NA;NA;NA;"Bolivia";"La Paz";-16,5;-68,15;"South America";19
"Bosnia and Herzegovina";"BIH";"Europe & Central Asia";"Europe";"Bosnia and Herzegovina";"Bosnia and Herzegovina";"Bosnia and Herzegovina";"Bosnia and Herzegovina";"Bósnia e Herzegovina";TRUE;70;"Bosnia and Herzegovina";"BA";"BIH";"Yes";44,32;17,83;NA;NA;NA;"Bosnia and Herzegovina";"Sarajevo";43,8666666666667;18,416667;"Europe";80
"Botswana";"BWA";"Sub-Saharan Africa";"Africa";"Botswana";"Botswana";"Botswana";"Botswana";"Botsuana";TRUE;72;"Botswana";"BW";"BWA";"Yes";-22,2;23,78;NA;NA;NA;"Botswana";"Gaborone";-24,6333333333333;25,9;"Africa";20
"Brazil";"BRA";"Latin America & Caribbean";"America";"Brazil";"Brazil";"Brazil";"Brazil";"Brasil";TRUE;76;"Brazil";"BR";"BRA";"Yes";-8,66;-52,32;NA;NA;NA;"Brazil";"Brasilia";-15,7833333333333;-47,916667;"South America";21
"Brunei Darussalam";"BRN";"East Asia & Pacific";"Asia";"Brunei";"Brunei";"Brunei Darussalam";"Brunei Darussalam";"Brunei";TRUE;96;"Brunei Darussalam";"BN";"BRN";"Yes";4,5;114,61;TRUE;NA;NA;"Brunei Darussalam";"Bandar Seri Begawan";4,88333333333333;114,933333;"Asia";26
"Bulgaria";"BGR";"Europe & Central Asia";"Europe";"Bulgaria";"Bulgaria";"Bulgaria";"Bulgaria";"Bulgária";TRUE;100;"Bulgaria";"BG";"BGR";"Yes";42,47;25,18;NA;NA;FALSE;"Bulgaria";"Sofia";42,6833333333333;23,316667;"Europe";27
"Burkina Faso";"BFA";"Sub-Saharan Africa";"Africa";"Burkina Faso";"Burkina Faso";"Burkina Faso";"Burkina Faso";"Burkina Faso";TRUE;854;"Burkina Faso";"BF";"BFA";"Yes";12,28;-1,73;NA;NA;NA;"Burkina Faso";"Ouagadougou";12,3666666666667;-1,516667;"Africa";233
"Burundi";"BDI";"Sub-Saharan Africa";"Africa";"Burundi";"Burundi";"Burundi";"Burundi";"Burundi";TRUE;108;"Burundi";"BI";"BDI";"Yes";-3,31;29,92;NA;NA;NA;"Burundi";"Bujumbura";-3,36666666666667;29,35;"Africa";29
"Cabo Verde";"CPV";"Sub-Saharan Africa";"Africa";"Cape Verde";"Cabo Verde";"Cabo Verde";"Cabo Verde";"Cabo Verde";TRUE;132;"Cabo Verde";"CV";"CPV";"Yes";15,24;-23,68;TRUE;NA;NA;"Cape Verde";"Praia";14,9166666666667;-23,516667;"Africa";35
"Cambodia";"KHM";"East Asia & Pacific";"Asia";"Cambodia";"Cambodia";"Cambodia";"Cambodia";"Camboja";TRUE;116;"Cambodia";"KH";"KHM";"Yes";12,57;104,98;NA;NA;NA;"Cambodia";"Phnom Penh";11,55;104,916667;"Asia";115
"Cameroon";"CMR";"Sub-Saharan Africa";"Africa";"Cameroon";"Cameroon";"Cameroon";"Cameroon";"Camarões";TRUE;120;"Cameroon";"CM";"CMR";"Yes";5,63;12,74;NA;NA;NA;"Cameroon";"Yaounde";3,86666666666667;11,516667;"Africa";32
"Canada";"CAN";"North America";"America";"Canada";"Canada";"Canada";"Canada";"Canadá";TRUE;124;"Canada";"CA";"CAN";"Yes";54,28;-104,85;NA;NA;NA;"Canada";"Ottawa";45,4166666666667;-75,7;"North America";33
"Central African Republic";"CAF";"Sub-Saharan Africa";"Africa";"Central African Republic";"Central African Republic";"Central African Republic";"Central African Rep.";"Rep. Centro Africana";TRUE;140;"Central African Republic";"CF";"CAF";"Yes";6,58;20,47;NA;NA;NA;"Central African Republic";"Bangui";4,36666666666667;18,583333;"Africa";37
"Chad";"TCD";"Sub-Saharan Africa";"Africa";"Chad";"Chad";"Chad";"Chad";"Chade";TRUE;148;"Chad";"TD";"TCD";"Yes";15;18,72;NA;NA;NA;"Chad";"N'Djamena";12,1;15,033333;"Africa";39
"Channel Islands";"CHI";"Europe & Central Asia";"Europe";"Channel Islands";"Channel Islands";"Channel Islands";"Channel Islands";"Ilhas do Canal";TRUE;NA;NA;NA;NA;NA;49,33;-2,32;NA;NA;NA;NA;NA;NA;NA;"Europe";NA
"Chile";"CHL";"Latin America & Caribbean";"America";"Chile";"Chile";"Chile";"Chile";"Chile";TRUE;152;"Chile";"CL";"CHL";"Yes";-28,68;-71,25;NA;NA;NA;"Chile";"Santiago";-33,45;-70,666667;"South America";40
"China";"CHN";"East Asia & Pacific";"Asia";"China";"China";"China";"China";"China";TRUE;156;"China";"CN";"CHN";"Yes";34,88;103,6;NA;NA;NA;"China";"Beijing";39,9166666666667;116,383333;"Asia";41
"Colombia";"COL";"Latin America & Caribbean";"America";"Colombia";"Colombia";"Colombia";"Colombia";"Colômbia";TRUE;170;"Colombia";"CO";"COL";"Yes";3,22;-72,99;NA;NA;NA;"Colombia";"Bogota";4,6;-74,083333;"South America";44
"Comoros";"COM";"Sub-Saharan Africa";"Africa";"Comoros";"Comoros";"Comoros";"Comoros";"Comores";TRUE;174;"Comoros";"KM";"COM";"Yes";-11,67;43,34;TRUE;NA;NA;"Comoros";"Moroni";-11,7;43,233333;"Africa";45
"Congo, Rep.";"COG";"Sub-Saharan Africa";"Africa";"Republic of Congo";"Congo";"Congo";"Congo";"Rep. do Congo";TRUE;178;"Congo";"CG";"COG";"Yes";-0,79;15,7;NA;NA;NA;"Republic of Congo";"Brazzaville";-4,25;15,283333;"Africa";46
"Costa Rica";"CRI";"Latin America & Caribbean";"America";"Costa Rica";"Costa Rica";"Costa Rica";"Costa Rica";"Costa Rica";TRUE;188;"Costa Rica";"CR";"CRI";"Yes";9,93;-83,99;NA;NA;NA;"Costa Rica";"San Jose";9,93333333333333;-84,083333;"Central America";48
"Croatia";"HRV";"Europe & Central Asia";"Europe";"Croatia";"Croatia";"Croatia";"Croatia";"Croácia";TRUE;191;"Croatia";"HR";"HRV";"Yes";45,01;15,13;NA;NA;FALSE;"Croatia";"Zagreb";45,8;16;"Europe";98
"Cuba";"CUB";"Latin America & Caribbean";"America";"Cuba";"Cuba";"Cuba";"Cuba";"Cuba";TRUE;192;"Cuba";"CU";"CUB";"Yes";21,74;-78,8;NA;NA;NA;"Cuba";"Havana";23,1166666666667;-82,35;"Central America";49
"Curaçao";"CUW";"Latin America & Caribbean";"America";"Curaçao";"Curaçao";"Curaçao";"Curaçao";"Curaçao";TRUE;531;"Curaçao";"CW";"CUW";"No";12,17;-68,99;TRUE;"Netherlands";NA;"Curaçao";"Willemstad";12,1;-68,916667;"Central America";NA
"Cyprus";"CYP";"Europe & Central Asia";"Europe";"Cyprus";"Cyprus";"Cyprus";"Cyprus";"Chipre";TRUE;196;"Cyprus";"CY";"CYP";"Yes";34,99;33,19;TRUE;NA;FALSE;"Cyprus";"Nicosia";35,1666666666667;33,366667;"Europe";50
"Czech Republic";"CZE";"Europe & Central Asia";"Europe";"Czech Republic";"Czech Republic";"Czechia";"Czech Rep.";"Tchéquia";TRUE;203;"Czechia";"CZ";"CZE";"Yes";49,66;15,31;NA;NA;FALSE;"Czech Republic";"Prague";50,0833333333333;14,466667;"Europe";167
"Congo, Dem. Rep.";"COD";"Sub-Saharan Africa";"Africa";"Democratic Republic of the Congo";"Democratic Republic of Congo";"Democratic Republic of the Congo";"Dem. Rep. of the Congo";"Rep. Dem. do Congo";TRUE;180;"Congo, Democratic Republic of the";"CD";"COD";"Yes";-2,82;23,62;NA;NA;NA;"Democratic Republic of the Congo";"Kinshasa";-4,31666666666667;15,3;"Africa";250
"Denmark";"DNK";"Europe & Central Asia";"Europe";"Denmark";"Denmark";"Denmark";"Denmark";"Dinamarca";TRUE;208;"Denmark";"DK";"DNK";"Yes";55,59;10,11;NA;NA;FALSE;"Denmark";"Copenhagen";55,6666666666667;12,583333;"Europe";54
"Djibouti";"DJI";"Middle East & North Africa";"Africa";"Djibouti";"Djibouti";"Djibouti";"Djibouti";"Djibouti";TRUE;262;"Djibouti";"DJ";"DJI";"Yes";11,73;42,58;NA;NA;NA;"Djibouti";"Djibouti";11,5833333333333;43,15;"Africa";72
"Dominican Republic";"DOM";"Latin America & Caribbean";"America";"Dominican Republic";"Dominican Republic";"Dominican Republic";"Dominican Rep.";"Rep. Dominicana";TRUE;214;"Dominican Republic";"DO";"DOM";"Yes";18,89;-70,25;NA;NA;NA;"Dominican Republic";"Santo Domingo";18,4666666666667;-69,9;"Central America";56
"Ecuador";"ECU";"Latin America & Caribbean";"America";"Ecuador";"Ecuador";"Ecuador";"Ecuador";"Equador";TRUE;218;"Ecuador";"EC";"ECU";"Yes";-1,39;-78,47;NA;NA;NA;"Ecuador";"Quito";-0,216666666666667;-78,5;"South America";58
"Egypt, Arab Rep.";"EGY";"Middle East & North Africa";"Africa";"Egypt";"Egypt";"Egypt";"Egypt";"Egito";TRUE;818;"Egypt";"EG";"EGY";"Yes";26,68;29,92;NA;NA;NA;"Egypt";"Cairo";30,05;31,25;"Africa";59
"El Salvador";"SLV";"Latin America & Caribbean";"America";"El Salvador";"El Salvador";"El Salvador";"El Salvador";"El Salvador";TRUE;222;"El Salvador";"SV";"SLV";"Yes";13,69;-88,85;NA;NA;NA;"El Salvador";"San Salvador";13,7;-89,2;"Central America";60
"Equatorial Guinea";"GNQ";"Sub-Saharan Africa";"Africa";"Equatorial Guinea";"Equatorial Guinea";"Equatorial Guinea";"Equatorial Guinea";"Guiné Equatorial";TRUE;226;"Equatorial Guinea";"GQ";"GNQ";"Yes";1,55;10,48;NA;NA;NA;"Equatorial Guinea";"Malabo";3,75;8,783333;"Africa";61
"Eritrea";"ERI";"Sub-Saharan Africa";"Africa";"Eritrea";"Eritrea";"Eritrea";"Eritrea";"Eritréia";TRUE;232;"Eritrea";"ER";"ERI";"Yes";15,48;38,92;NA;NA;NA;"Eritrea";"Asmara";15,3333333333333;38,933333;"Africa";178
"Estonia";"EST";"Europe & Central Asia";"Europe";"Estonia";"Estonia";"Estonia";"Estonia";"Estônia";TRUE;233;"Estonia";"EE";"EST";"Yes";58,68;25,78;NA;NA;FALSE;"Estonia";"Tallinn";59,4333333333333;24,716667;"Europe";63
"Ethiopia";"ETH";"Sub-Saharan Africa";"Africa";"Ethiopia";"Ethiopia";"Ethiopia";"Ethiopia";"Etiópia";TRUE;231;"Ethiopia";"ET";"ETH";"Yes";8,56;39,54;NA;NA;NA;"Ethiopia";"Addis Ababa";9,03333333333333;38,7;"Africa";238
"Fiji";"FJI";"East Asia & Pacific";"Oceania";"Fiji";"Fiji";"Fiji";"Fiji";"Fiji";TRUE;242;"Fiji";"FJ";"FJI";"Yes";-17,82;177,97;TRUE;NA;NA;"Fiji";"Suva";-18,1333333333333;178,416667;"Oceania";66
"Finland";"FIN";"Europe & Central Asia";"Europe";"Finland";"Finland";"Finland";"Finland";"Finlândia";TRUE;246;"Finland";"FI";"FIN";"Yes";61,92;25,76;NA;NA;FALSE;"Finland";"Helsinki";60,1666666666667;24,933333;"Europe";67
"France";"FRA";"Europe & Central Asia";"Europe";"France";"France";"France";"France";"França";TRUE;250;"France";"FR";"FRA";"Yes";46,76;2,47;NA;NA;FALSE;"France";"Paris";48,8666666666667;2,333333;"Europe";68
"French Polynesia";"PYF";"East Asia & Pacific";"Oceania";"French Polynesia";"French Polynesia";"French Polynesia";"French Polynesia";"Polinésia Francesa";TRUE;258;"French Polynesia";"PF";"PYF";"No";-17,64;-149,45;TRUE;"France";NA;"French Polynesia";"Papeete";-17,5333333333333;-149,566667;"Oceania";NA
"Gabon";"GAB";"Sub-Saharan Africa";"Africa";"Gabon";"Gabon";"Gabon";"Gabon";"Gabão";TRUE;266;"Gabon";"GA";"GAB";"Yes";-0,6;11,77;NA;NA;NA;"Gabon";"Libreville";0,383333333333333;9,45;"Africa";74
"Gambia, The";"GMB";"Sub-Saharan Africa";"Africa";"Gambia";"Gambia";"Gambia";"Gambia";"Gâmbia";TRUE;270;"Gambia";"GM";"GMB";"Yes";13,49;-15,51;TRUE;NA;NA;"The Gambia";"Banjul";13,45;-16,566667;"Africa";75
"Georgia";"GEO";"Europe & Central Asia";"Asia";"Georgia";"Georgia";"Georgia";"Georgia";"Geórgia";TRUE;268;"Georgia";"GE";"GEO";"Yes";42,08;43,47;NA;NA;NA;"Georgia";"Tbilisi";41,6833333333333;44,833333;"Europe";73
"Germany";"DEU";"Europe & Central Asia";"Europe";"Germany";"Germany";"Germany";"Germany";"Alemanha";TRUE;276;"Germany";"DE";"DEU";"Yes";50,97;10,4;NA;NA;FALSE;"Germany";"Berlin";52,5166666666667;13,4;"Europe";79
"Ghana";"GHA";"Sub-Saharan Africa";"Africa";"Ghana";"Ghana";"Ghana";"Ghana";"Gana";TRUE;288;"Ghana";"GH";"GHA";"Yes";7,93;-1,19;NA;NA;NA;"Ghana";"Accra";5,55;-0,216667;"Africa";81
"Greece";"GRC";"Europe & Central Asia";"Europe";"Greece";"Greece";"Greece";"Greece";"Grécia";TRUE;300;"Greece";"GR";"GRC";"Yes";39,19;22,81;NA;NA;FALSE;"Greece";"Athens";37,9833333333333;23,733333;"Europe";84
"Grenada";"GRD";"Latin America & Caribbean";"America";"Grenada";"Grenada";"Grenada";"Grenada";"Granada";TRUE;308;"Grenada";"GD";"GRD";"Yes";12,12;-61,68;TRUE;NA;NA;"Grenada";"Saint George's";12,05;-61,75;"Central America";86
"Guam";"GUM";"East Asia & Pacific";"Oceania";"Guam";"Guam";"Guam";"Guam";"Guam";TRUE;316;"Guam";"GU";"GUM";"No";13,43;144,75;TRUE;"USA";NA;"Guam";"Hagatna";13,4666666666667;144,733333;"Oceania";NA
"Guatemala";"GTM";"Latin America & Caribbean";"America";"Guatemala";"Guatemala";"Guatemala";"Guatemala";"Guatemala";TRUE;320;"Guatemala";"GT";"GTM";"Yes";15,52;-90,27;NA;NA;NA;"Guatemala";"Guatemala City";14,6166666666667;-90,516667;"Central America";89
"Guinea";"GIN";"Sub-Saharan Africa";"Africa";"Guinea";"Guinea";"Guinea";"Guinea";"Guiné";TRUE;324;"Guinea";"GN";"GIN";"Yes";10,6;-11,19;NA;NA;NA;"Guinea";"Conakry";9,5;-13,7;"Africa";90
"Guinea-Bissau";"GNB";"Sub-Saharan Africa";"Africa";"Guinea-Bissau";"Guinea-Bissau";"Guinea-Bissau";"Guinea-Bissau";"Guiné-Bissau";TRUE;624;"Guinea-Bissau";"GW";"GNB";"Yes";12;-14,92;NA;NA;NA;"Guinea-Bissau";"Bissau";11,85;-15,583333;"Africa";175
"Guyana";"GUY";"Latin America & Caribbean";"America";"Guyana";"Guyana";"Guyana";"Guyana";"Guiana";TRUE;328;"Guyana";"GY";"GUY";"Yes";4,99;-58,95;NA;NA;NA;"Guyana";"Georgetown";6,8;-58,15;"South America";91
"Haiti";"HTI";"Latin America & Caribbean";"America";"Haiti";"Haiti";"Haiti";"Haiti";"Haiti";TRUE;332;"Haiti";"HT";"HTI";"Yes";18,99;-72,79;NA;NA;NA;"Haiti";"Port-au-Prince";18,5333333333333;-72,333333;"Central America";93
"Honduras";"HND";"Latin America & Caribbean";"America";"Honduras";"Honduras";"Honduras";"Honduras";"Honduras";TRUE;340;"Honduras";"HN";"HND";"Yes";14,83;-86,86;NA;NA;NA;"Honduras";"Tegucigalpa";14,1;-87,216667;"Central America";95
"Hong Kong SAR, China";"HKG";"East Asia & Pacific";"Asia";"Hong Kong";"Hong Kong";"China, Hong Kong SAR";"China, Hong Kong SAR";"Hong Kong";TRUE;344;"Hong Kong";"HK";"HKG";"No";22,35;114,13;TRUE;NA;NA;"Hong Kong";"N/A";0;0;"Asia";NA
"Hungary";"HUN";"Europe & Central Asia";"Europe";"Hungary";"Hungary";"Hungary";"Hungary";"Hungria";TRUE;348;"Hungary";"HU";"HUN";"Yes";46,97;19,41;NA;NA;FALSE;"Hungary";"Budapest";47,5;19,083333;"Europe";97
"Iceland";"ISL";"Europe & Central Asia";"Europe";"Iceland";"Iceland";"Iceland";"Iceland";"Islândia";TRUE;352;"Iceland";"IS";"ISL";"Yes";64,74;-18,54;NA;NA;NA;"Iceland";"Reykjavik";64,15;-21,95;"Europe";99
"India";"IND";"South Asia";"Asia";"India";"India";"India";"India";"Índia";TRUE;356;"India";"IN";"IND";"Yes";22,7;78,55;NA;NA;NA;"India";"New Delhi";28,6;77,2;"Asia";100
"Indonesia";"IDN";"East Asia & Pacific";"Asia";"Indonesia";"Indonesia";"Indonesia";"Indonesia";"Indonésia";TRUE;360;"Indonesia";"ID";"IDN";"Yes";-2,39;113,15;NA;NA;NA;"Indonesia";"Jakarta";-6,16666666666667;106,816667;"Asia";101
"Iran, Islamic Rep.";"IRN";"Middle East & North Africa";"Asia";"Iran";"Iran";"Iran (Islamic Republic of)";"Iran (Islamic Rep. of)";"Irã";TRUE;364;"Iran (Islamic Republic of)";"IR";"IRN";"Yes";31,83;54,32;NA;NA;NA;"Iran";"Tehran";35,7;51,416667;"Asia";102
"Iraq";"IRQ";"Middle East & North Africa";"Asia";"Iraq";"Iraq";"Iraq";"Iraq";"Iraque";TRUE;368;"Iraq";"IQ";"IRQ";"Yes";33,03;43,25;NA;NA;NA;"Iraq";"Baghdad";33,3333333333333;44,4;"Asia";103
"Ireland";"IRL";"Europe & Central Asia";"Europe";"Ireland";"Ireland";"Ireland";"Ireland";"Irlanda";TRUE;372;"Ireland";"IE";"IRL";"Yes";53,12;-8,09;NA;NA;FALSE;"Ireland";"Dublin";53,3166666666667;-6,233333;"Europe";104
"Israel";"ISR";"Middle East & North Africa";"Asia";"Israel";"Israel";"Israel";"Israel";"Israel";TRUE;376;"Israel";"IL";"ISR";"Yes";31,17;34,85;NA;NA;NA;"Israel";"Jerusalem";31,7666666666667;35,233333;"Asia";105
"Italy";"ITA";"Europe & Central Asia";"Europe";"Italy";"Italy";"Italy";"Italy";"Itália";TRUE;380;"Italy";"IT";"ITA";"Yes";43,01;12,47;NA;NA;FALSE;"Italy";"Rome";41,9;12,483333;"Europe";106
"Côte d'Ivoire";"CIV";"Sub-Saharan Africa";"Africa";"Ivory Coast";"Ivory Coast";"Côte d'Ivoire";"Côte d'Ivoire";"Costa do Marfim";TRUE;384;"Côte d'Ivoire";"CI";"CIV";"Yes";7,49;-5,52;NA;NA;NA;"Cote d'Ivoire";"Yamoussoukro";6,81666666666667;-5,266667;"Africa";107
"Jamaica";"JAM";"Latin America & Caribbean";"America";"Jamaica";"Jamaica";"Jamaica";"Jamaica";"Jamaica";TRUE;388;"Jamaica";"JM";"JAM";"Yes";18,14;-77,32;NA;NA;NA;"Jamaica";"Kingston";18;-76,8;"Central America";109
"Japan";"JPN";"East Asia & Pacific";"Asia";"Japan";"Japan";"Japan";"Japan";"Japão";TRUE;392;"Japan";"JP";"JPN";"Yes";36,28;138,27;NA;NA;NA;"Japan";"Tokyo";35,6833333333333;139,75;"Asia";110
"Jordan";"JOR";"Middle East & North Africa";"Asia";"Jordan";"Jordan";"Jordan";"Jordan";"Jordânia";TRUE;400;"Jordan";"JO";"JOR";"Yes";31,27;36,35;NA;NA;NA;"Jordan";"Amman";31,95;35,933333;"Asia";112
"Kazakhstan";"KAZ";"Europe & Central Asia";"Asia";"Kazakhstan";"Kazakhstan";"Kazakhstan";"Kazakhstan";"Cazaquistão";TRUE;398;"Kazakhstan";"KZ";"KAZ";"Yes";48,1;66,4;NA;NA;NA;"Kazakhstan";"Astana";51,1666666666667;71,416667;"Asia";108
"Kenya";"KEN";"Sub-Saharan Africa";"Africa";"Kenya";"Kenya";"Kenya";"Kenya";"Quênia";TRUE;404;"Kenya";"KE";"KEN";"Yes";0,41;37,82;NA;NA;NA;"Kenya";"Nairobi";-1,28333333333333;36,816667;"Africa";114
"Kiribati";"KIR";"East Asia & Pacific";"Oceania";"Kiribati";"Kiribati";"Kiribati";"Kiribati";"Kiribati";TRUE;296;"Kiribati";"KI";"KIR";"Yes";-3,36;-168,81;TRUE;NA;NA;"Kiribati";"Tarawa";-0,883333333333333;169,533333;"Oceania";83
"Kuwait";"KWT";"Middle East & North Africa";"Asia";"Kuwait";"Kuwait";"Kuwait";"Kuwait";"Kuwait";TRUE;414;"Kuwait";"KW";"KWT";"Yes";29,41;47,69;TRUE;NA;NA;"Kuwait";"Kuwait City";29,3666666666667;47,966667;"Asia";118
"Kyrgyz Republic";"KGZ";"Europe & Central Asia";"Asia";"Kyrgyzstan";"Kyrgyzstan";"Kyrgyzstan";"Kyrgyzstan";"Quirguistão";TRUE;417;"Kyrgyzstan";"KG";"KGZ";"Yes";41,48;74,63;NA;NA;NA;"Kyrgyzstan";"Bishkek";42,8666666666667;74,6;"Asia";113
"Lao PDR";"LAO";"East Asia & Pacific";"Asia";"Laos";"Laos";"Lao People's Democratic Republic";"Lao People's Dem. Rep.";"Laos";TRUE;418;"Lao People's Democratic Republic";"LA";"LAO";"Yes";19,75;102,51;NA;NA;NA;"Laos";"Vientiane";17,9666666666667;102,6;"Asia";120
"Latvia";"LVA";"Europe & Central Asia";"Europe";"Latvia";"Latvia";"Latvia";"Latvia";"Letônia";TRUE;428;"Latvia";"LV";"LVA";"Yes";56,94;25,62;NA;NA;FALSE;"Latvia";"Riga";56,95;24,1;"Europe";119
"Lebanon";"LBN";"Middle East & North Africa";"Asia";"Lebanon";"Lebanon";"Lebanon";"Lebanon";"Líbano";TRUE;422;"Lebanon";"LB";"LBN";"Yes";34,04;35,94;NA;NA;NA;"Lebanon";"Beirut";33,8666666666667;35,5;"Asia";121
"Lesotho";"LSO";"Sub-Saharan Africa";"Africa";"Lesotho";"Lesotho";"Lesotho";"Lesotho";"Lesoto";TRUE;426;"Lesotho";"LS";"LSO";"Yes";-29,56;28,27;NA;NA;NA;"Lesotho";"Maseru";-29,3166666666667;27,483333;"Africa";122
"Liberia";"LBR";"Sub-Saharan Africa";"Africa";"Liberia";"Liberia";"Liberia";"Liberia";"Libéria";TRUE;430;"Liberia";"LR";"LBR";"Yes";6,39;-9,41;NA;NA;NA;"Liberia";"Monrovia";6,3;-10,8;"Africa";123
"Libya";"LBY";"Middle East & North Africa";"Africa";"Libya";"Libya";"Libya";"Libya";"Líbia";TRUE;434;"Libya";"LY";"LBY";"Yes";27,13;17,49;NA;NA;NA;"Libya";"Tripoli";32,8833333333333;13,166667;"Africa";124
"Liechtenstein";"LIE";"Europe & Central Asia";"Europe";"Liechtenstein";"Liechtenstein";"Liechtenstein";"Liechtenstein";"Liechtenstein";TRUE;438;"Liechtenstein";"LI";"LIE";"Yes";47,15;9,54;TRUE;NA;NA;"Liechtenstein";"Vaduz";47,1333333333333;9,516667;"Europe";NA
"Lithuania";"LTU";"Europe & Central Asia";"Europe";"Lithuania";"Lithuania";"Lithuania";"Lithuania";"Lituânia";TRUE;440;"Lithuania";"LT";"LTU";"Yes";55,47;23,97;NA;NA;FALSE;"Lithuania";"Vilnius";54,6833333333333;25,316667;"Europe";126
"Luxembourg";"LUX";"Europe & Central Asia";"Europe";"Luxembourg";"Luxembourg";"Luxembourg";"Luxembourg";"Luxemburgo";TRUE;442;"Luxembourg";"LU";"LUX";"Yes";49,75;6,12;TRUE;NA;FALSE;"Luxembourg";"Luxembourg";49,6;6,116667;"Europe";256
"Macao SAR, China";"MAC";"East Asia & Pacific";"Asia";"Macao";"Macao";"China, Macao SAR";"China, Macao SAR";"Macau";TRUE;446;"Macao";"MO";"MAC";"No";22,14;113,56;TRUE;NA;NA;"Macau";"N/A";0;0;"Asia";NA
"Macedonia, FYR";"MKD";"Europe & Central Asia";"Europe";"Macedonia";"Macedonia";"TFYR Macedonia";"The former Yugoslav Republic of Macedonia";"Macedônia do Norte";TRUE;807;"Macedonia, the former Yugoslav Republic of";"MK";"MKD";"Yes";41,61;21,71;NA;NA;NA;"Macedonia";"Skopje";42;21,433333;"Europe";154
"Madagascar";"MDG";"Sub-Saharan Africa";"Africa";"Madagascar";"Madagascar";"Madagascar";"Madagascar";"Madagáscar";TRUE;450;"Madagascar";"MG";"MDG";"Yes";-20,13;46,21;NA;NA;NA;"Madagascar";"Antananarivo";-18,9166666666667;47,516667;"Africa";129
"Malawi";"MWI";"Sub-Saharan Africa";"Africa";"Malawi";"Malawi";"Malawi";"Malawi";"Malaui";TRUE;454;"Malawi";"MW";"MWI";"Yes";-13,52;34,13;TRUE;NA;NA;"Malawi";"Lilongwe";-13,9666666666667;33,783333;"Africa";130
"Malaysia";"MYS";"East Asia & Pacific";"Asia";"Malaysia";"Malaysia";"Malaysia";"Malaysia";"Malásia";TRUE;458;"Malaysia";"MY";"MYS";"Yes";3,63;101,98;NA;NA;NA;"Malaysia";"Kuala Lumpur";3,16666666666667;101,7;"Asia";131
"Maldives";"MDV";"South Asia";"Asia";"Maldives";"Maldives";"Maldives";"Maldives";"Maldivas";TRUE;462;"Maldives";"MV";"MDV";"Yes";-0,51;73,18;TRUE;NA;NA;"Maldives";"Male";4,16666666666667;73,5;"Asia";132
"Mali";"MLI";"Sub-Saharan Africa";"Africa";"Mali";"Mali";"Mali";"Mali";"Mali";TRUE;466;"Mali";"ML";"MLI";"Yes";10,94;-2,51;NA;NA;NA;"Mali";"Bamako";12,65;-8;"Africa";133
"Malta";"MLT";"Middle East & North Africa";"Europe";"Malta";"Malta";"Malta";"Malta";"Malta";TRUE;470;"Malta";"MT";"MLT";"Yes";35,89;14,44;TRUE;NA;FALSE;"Malta";"Valletta";35,8833333333333;14,5;"Europe";134
"Marshall Islands";"MHL";"East Asia & Pacific";"Oceania";"Marshall Islands";"Marshall Islands";"Marshall Islands";"Marshall Islands";"Ilhas Marshall";TRUE;584;"Marshall Islands";"MH";"MHL";"Yes";7,38;168,72;TRUE;NA;NA;"Marshall Islands";"Majuro";7,1;171,383333;"Oceania";127
"Mauritania";"MRT";"Sub-Saharan Africa";"Africa";"Mauritania";"Mauritania";"Mauritania";"Mauritania";"Mauritânia";TRUE;478;"Mauritania";"MR";"MRT";"Yes";19,99;-10,14;NA;NA;NA;"Mauritania";"Nouakchott";18,0666666666667;-15,966667;"Africa";136
"Mauritius";"MUS";"Sub-Saharan Africa";"Africa";"Mauritius";"Mauritius";"Mauritius";"Mauritius";"Maurício";TRUE;480;"Mauritius";"MU";"MUS";"Yes";-20,28;57,57;TRUE;NA;NA;"Mauritius";"Port Louis";-20,15;57,483333;"Africa";137
"Mexico";"MEX";"Latin America & Caribbean";"America";"Mexico";"Mexico";"Mexico";"Mexico";"México";TRUE;484;"Mexico";"MX";"MEX";"Yes";23,48;-102,25;NA;NA;NA;"Mexico";"Mexico City";19,4333333333333;-99,133333;"North America";138
"Micronesia, Fed. Sts.";"FSM";"East Asia & Pacific";"Oceania";"Micronesia";"Micronesia";"Micronesia";"Micronesia (Federated States of)";"Micronésia";TRUE;583;"Micronesia (Federated States of)";"FM";"FSM";"Yes";7,04;151,65;TRUE;NA;NA;"Federated States of Micronesia";"Palikir";6,91666666666667;158,15;"Oceania";145
"Moldova";"MDA";"Europe & Central Asia";"Europe";"Moldova";"Moldova";"Republic of Moldova";"Rep. of Moldova";"Moldávia";TRUE;498;"Moldova, Republic of";"MD";"MDA";"Yes";47,39;28,51;NA;NA;NA;"Moldova";"Chisinau";47;28,85;"Europe";146
"Monaco";"MCO";"Europe & Central Asia";"Europe";"Monaco";"Monaco";"Monaco";"Monaco";"Mônaco";TRUE;492;"Monaco";"MC";"MCO";"Yes";43,73;7,42;TRUE;NA;NA;"Monaco";"Monaco";43,7333333333333;7,416667;"Europe";140
"Mongolia";"MNG";"East Asia & Pacific";"Asia";"Mongolia";"Mongolia";"Mongolia";"Mongolia";"Mongólia";TRUE;496;"Mongolia";"MN";"MNG";"Yes";46,69;103,11;NA;NA;NA;"Mongolia";"Ulaanbaatar";47,9166666666667;106,916667;"Asia";141
"Montenegro";"MNE";"Europe & Central Asia";"Europe";"Montenegro";"Montenegro";"Montenegro";"Montenegro";"Montenegro";TRUE;499;"Montenegro";"ME";"MNE";"Yes";42,79;19,24;TRUE;NA;NA;"Montenegro";"Podgorica";42,4333333333333;19,266667;"Europe";273
"Morocco";"MAR";"Middle East & North Africa";"Africa";"Morocco";"Morocco";"Morocco";"Morocco";"Marrocos";TRUE;504;"Morocco";"MA";"MAR";"Yes";32,08;-6,19;NA;NA;NA;"Morocco";"Rabat";34,0166666666667;-6,816667;"Africa";143
"Mozambique";"MOZ";"Sub-Saharan Africa";"Africa";"Mozambique";"Mozambique";"Mozambique";"Mozambique";"Moçambique";TRUE;508;"Mozambique";"MZ";"MOZ";"Yes";-17,88;35,46;NA;NA;NA;"Mozambique";"Maputo";-25,95;32,583333;"Africa";144
"Myanmar";"MMR";"East Asia & Pacific";"Asia";"Myanmar";"Myanmar";"Myanmar";"Myanmar";"Mianmar";TRUE;104;"Myanmar";"MM";"MMR";"Yes";21,55;96,49;NA;NA;NA;"Myanmar";"Rangoon";16,8;96,15;"Asia";28
"Namibia";"NAM";"Sub-Saharan Africa";"Africa";"Namibia";"Namibia";"Namibia";"Namibia";"Namíbia";TRUE;516;"Namibia";NA;"NAM";"Yes";-22,34;17,07;NA;NA;NA;"Namibia";"Windhoek";NA;NA;"Africa";147
"Nauru";"NRU";"East Asia & Pacific";"Oceania";"Nauru";"Nauru";"Nauru";"Nauru";"Nauru";TRUE;520;"Nauru";"NR";"NRU";"Yes";-0,52;166,93;TRUE;NA;NA;"Nauru";"Yaren";-0,5477;166,920867;"Oceania";148
"Nepal";"NPL";"South Asia";"Asia";"Nepal";"Nepal";"Nepal";"Nepal";"Nepal";TRUE;524;"Nepal";"NP";"NPL";"Yes";28,05;84,16;NA;NA;NA;"Nepal";"Kathmandu";27,7166666666667;85,316667;"Asia";149
"Netherlands";"NLD";"Europe & Central Asia";"Europe";"Netherlands";"Netherlands";"Netherlands";"Netherlands";"Holanda";TRUE;528;"Netherlands";"NL";"NLD";"Yes";52,15;5,66;NA;NA;FALSE;"Netherlands";"Amsterdam";52,35;4,916667;"Europe";150
"New Caledonia";"NCL";"East Asia & Pacific";"Oceania";"New Caledonia";"New Caledonia";"New Caledonia";"New Caledonia";"Nova Caledônia";TRUE;540;"New Caledonia";"NC";"NCL";"No";-21,33;165,47;NA;"France";NA;"New Caledonia";"Noumea";-22,2666666666667;166,45;"Oceania";153
"New Zealand";"NZL";"East Asia & Pacific";"Oceania";"New Zealand";"New Zealand";"New Zealand";"New Zealand";"Nova Zelândia";TRUE;554;"New Zealand";"NZ";"NZL";"Yes";-42,23;172,53;NA;NA;NA;"New Zealand";"Wellington";-41,3;174,783333;"Oceania";156
"Nicaragua";"NIC";"Latin America & Caribbean";"America";"Nicaragua";"Nicaragua";"Nicaragua";"Nicaragua";"Nicarágua";TRUE;558;"Nicaragua";"NI";"NIC";"Yes";13,06;-84,96;NA;NA;NA;"Nicaragua";"Managua";12,1333333333333;-86,25;"Central America";157
"Niger";"NER";"Sub-Saharan Africa";"Africa";"Niger";"Niger";"Niger";"Niger";"Níger";TRUE;562;"Niger";"NE";"NER";"Yes";17,43;9,4;NA;NA;NA;"Niger";"Niamey";13,5166666666667;2,116667;"Africa";158
"Nigeria";"NGA";"Sub-Saharan Africa";"Africa";"Nigeria";"Nigeria";"Nigeria";"Nigeria";"Nigéria";TRUE;566;"Nigeria";"NG";"NGA";"Yes";9,57;8,07;NA;NA;NA;"Nigeria";"Abuja";9,08333333333333;7,533333;"Africa";159
"Korea, Dem. People's Rep.";"PRK";"East Asia & Pacific";"Asia";"North Korea";"North Korea";"Dem. People's Republic of Korea";"Dem. People's Rep. of Korea";"Coreia do Norte";TRUE;408;"Korea (Democratic People's Republic of)";"KP";"PRK";"Yes";39,96;126,93;NA;NA;NA;"North Korea";"Pyongyang";39,0166666666667;125,75;"Asia";116
"Norway";"NOR";"Europe & Central Asia";"Europe";"Norway";"Norway";"Norway";"Norway";"Noruega";TRUE;578;"Norway";"NO";"NOR";"Yes";61,62;9,38;NA;NA;NA;"Norway";"Oslo";59,9166666666667;10,75;"Europe";162
"Oman";"OMN";"Middle East & North Africa";"Asia";"Oman";"Oman";"Oman";"Oman";"Omã";TRUE;512;"Oman";"OM";"OMN";"Yes";21,16;57;NA;NA;NA;"Oman";"Muscat";23,6166666666667;58,583333;"Asia";221
"Pakistan";"PAK";"South Asia";"Asia";"Pakistan";"Pakistan";"Pakistan";"Pakistan";"Paquistão";TRUE;586;"Pakistan";"PK";"PAK";"Yes";29,66;69,12;NA;NA;NA;"Pakistan";"Islamabad";33,6833333333333;73,05;"Asia";165
"Palau";"PLW";"East Asia & Pacific";"Oceania";"Palau";"Palau";"Palau";"Palau";"Palau";TRUE;585;"Palau";"PW";"PLW";"Yes";7,48;134,56;TRUE;NA;NA;"Palau";"Melekeok";7,48333333333333;134,633333;"Oceania";180
"West Bank and Gaza";"PSE";"Middle East & North Africa";"Asia";"Palestine";"Palestine";"State of Palestine";"Palestinian";"Palestina";TRUE;275;"Palestine, State of";"PS";"PSE";"No";32,03;35,27;TRUE;NA;NA;"Palestine";"Jerusalem";31,7666666666667;35,233333;"Asia";299
"Panama";"PAN";"Latin America & Caribbean";"America";"Panama";"Panama";"Panama";"Panama";"Panamá";TRUE;591;"Panama";"PA";"PAN";"Yes";8,87;-80,09;NA;NA;NA;"Panama";"Panama City";8,96666666666667;-79,533333;"Central America";166
"Papua New Guinea";"PNG";"East Asia & Pacific";"Oceania";"Papua New Guinea";"Papua New Guinea";"Papua New Guinea";"Papua New Guinea";"Papua Nova Guiné";TRUE;598;"Papua New Guinea";"PG";"PNG";"Yes";-5,92;114,09;NA;NA;NA;"Papua New Guinea";"Port Moresby";-9,45;147,183333;"Oceania";168
"Paraguay";"PRY";"Latin America & Caribbean";"America";"Paraguay";"Paraguay";"Paraguay";"Paraguay";"Paraguai";TRUE;600;"Paraguay";"PY";"PRY";"Yes";-23,09;-58,39;NA;NA;NA;"Paraguay";"Asuncion";-25,2666666666667;-57,666667;"South America";169
"Peru";"PER";"Latin America & Caribbean";"America";"Peru";"Peru";"Peru";"Peru";"Peru";TRUE;604;"Peru";"PE";"PER";"Yes";-10,51;-75,44;NA;NA;NA;"Peru";"Lima";-12,05;-77,05;"South America";170
"Philippines";"PHL";"East Asia & Pacific";"Asia";"Philippines";"Philippines";"Philippines";"Philippines";"Filipinas";TRUE;608;"Philippines";"PH";"PHL";"Yes";11,39;123,58;NA;NA;NA;"Philippines";"Manila";14,6;120,966667;"Asia";171
"Poland";"POL";"Europe & Central Asia";"Europe";"Poland";"Poland";"Poland";"Poland";"Polônia";TRUE;616;"Poland";"PL";"POL";"Yes";52,31;19,11;NA;NA;FALSE;"Poland";"Warsaw";52,25;21;"Europe";173
"Portugal";"PRT";"Europe & Central Asia";"Europe";"Portugal";"Portugal";"Portugal";"Portugal";"Portugal";TRUE;620;"Portugal";"PT";"PRT";"Yes";39,51;-8,37;NA;NA;FALSE;"Portugal";"Lisbon";38,7166666666667;-9,133333;"Europe";174
"Puerto Rico";"PRI";"Latin America & Caribbean";"America";"Puerto Rico";"Puerto Rico";"Puerto Rico";"Puerto Rico";"Porto Rico";TRUE;630;"Puerto Rico";"PR";"PRI";"No";18,27;-66,52;NA;"USA";NA;"Puerto Rico";"San Juan";18,4666666666667;-66,116667;"Central America";177
"Qatar";"QAT";"Middle East & North Africa";"Asia";"Qatar";"Qatar";"Qatar";"Qatar";"Qatar";TRUE;634;"Qatar";"QA";"QAT";"Yes";25,4;51,17;TRUE;NA;NA;"Qatar";"Doha";25,2833333333333;51,533333;"Asia";179
"Romania";"ROU";"Europe & Central Asia";"Europe";"Romania";"Romania";"Romania";"Romania";"Romênia";TRUE;642;"Romania";"RO";"ROU";"Yes";46,24;24,76;NA;NA;FALSE;"Romania";"Bucharest";44,4333333333333;26,1;"Europe";183
"Russian Federation";"RUS";"Europe & Central Asia";"Europe";"Russia";"Russia";"Russian Federation";"Russian Federation";"Rússia";TRUE;643;"Russian Federation";"RU";"RUS";"Yes";61,29;78,92;NA;NA;NA;"Russia";"Moscow";55,75;37,6;"Europe";185
"Rwanda";"RWA";"Sub-Saharan Africa";"Africa";"Rwanda";"Rwanda";"Rwanda";"Rwanda";"Ruanda";TRUE;646;"Rwanda";"RW";"RWA";"Yes";-1,92;29,91;NA;NA;NA;"Rwanda";"Kigali";-1,95;30,05;"Africa";184
"St. Lucia";"LCA";"Latin America & Caribbean";"America";"Saint Lucia";"Saint Lucia";"Saint Lucia";"Saint Lucia";"Santa Lúcia";TRUE;662;"Saint Lucia";"LC";"LCA";"Yes";13,88;-60,97;TRUE;NA;NA;"Saint Lucia";"Castries";14;-61;"Central America";189
"St. Vincent and the Grenadines";"VCT";"Latin America & Caribbean";"America";"Saint Vincent";"Saint Vincent";"Saint Vincent and the Grenadines";"Saint Vincent and the Grenadines";"São Vicente";TRUE;670;"Saint Vincent and the Grenadines";"VC";"VCT";"Yes";13,25;-61,18;NA;NA;NA;"Saint Vincent and the Grenadines";"Kingstown";13,1333333333333;-61,216667;"Central America";191
"Samoa";"WSM";"East Asia & Pacific";"Oceania";"Samoa";"Samoa";"Samoa";"Samoa";"Samoa";TRUE;882;"Samoa";"WS";"WSM";"Yes";-13,65;-172,25;TRUE;NA;NA;"Samoa";"Apia";-13,8166666666667;-171,766667;"Oceania";244
"San Marino";"SMR";"Europe & Central Asia";"Europe";"San Marino";"San Marino";"San Marino";"San Marino";"San Marino";TRUE;674;"San Marino";"SM";"SMR";"Yes";43,93;12,46;TRUE;NA;NA;"San Marino";"San Marino";43,9333333333333;12,416667;"Europe";192
"São Tomé and Principe";"STP";"Sub-Saharan Africa";"Africa";"Sao Tome and Principe";"Sao Tome and Principe";"Sao Tome and Principe";"Sao Tome and Principe";"São Tomé e Príncipe";TRUE;678;"Sao Tome and Principe";"ST";"STP";"Yes";0,25;6,61;TRUE;NA;NA;"Sao Tome and Principe";"Sao Tome";0,333333333333333;6,733333;"Africa";193
"Saudi Arabia";"SAU";"Middle East & North Africa";"Asia";"Saudi Arabia";"Saudi Arabia";"Saudi Arabia";"Saudi Arabia";"Arábia Saudita";TRUE;682;"Saudi Arabia";"SA";"SAU";"Yes";24,74;44,37;NA;NA;NA;"Saudi Arabia";"Riyadh";24,65;46,7;"Asia";194
"Senegal";"SEN";"Sub-Saharan Africa";"Africa";"Senegal";"Senegal";"Senegal";"Senegal";"Senegal";TRUE;686;"Senegal";"SN";"SEN";"Yes";14,65;-14,86;NA;NA;NA;"Senegal";"Dakar";14,7333333333333;-17,633333;"Africa";195
"Serbia";"SRB";"Europe & Central Asia";"Europe";"Serbia";"Serbia";"Serbia";"Serbia";"Sérvia";TRUE;688;"Serbia";"RS";"SRB";"Yes";44,23;20,79;NA;NA;NA;"Serbia";"Belgrade";44,8333333333333;20,5;"Europe";272
"Seychelles";"SYC";"Sub-Saharan Africa";"Africa";"Seychelles";"Seychelles";"Seychelles";"Seychelles";"Seychelles";TRUE;690;"Seychelles";"SC";"SYC";"Yes";-4,67;55,47;TRUE;NA;NA;"Seychelles";"Victoria";-4,61666666666667;55,45;"Africa";196
"Sierra Leone";"SLE";"Sub-Saharan Africa";"Africa";"Sierra Leone";"Sierra Leone";"Sierra Leone";"Sierra Leone";"Serra Leoa";TRUE;694;"Sierra Leone";"SL";"SLE";"Yes";8,41;-11,77;NA;NA;NA;"Sierra Leone";"Freetown";8,48333333333333;-13,233333;"Africa";197
"Singapore";"SGP";"East Asia & Pacific";"Asia";"Singapore";"Singapore";"Singapore";"Singapore";"Cingapura";TRUE;702;"Singapore";"SG";"SGP";"Yes";1,33;103,82;TRUE;NA;NA;"Singapore";"Singapore";1,28333333333333;103,85;"Asia";200
"Slovak Republic";"SVK";"Europe & Central Asia";"Europe";"Slovakia";"Slovakia";"Slovakia";"Slovakia";"Eslováquia";TRUE;703;"Slovakia";"SK";"SVK";"Yes";48,78;19,23;NA;NA;FALSE;"Slovakia";"Bratislava";48,15;17,116667;"Europe";199
"Slovenia";"SVN";"Europe & Central Asia";"Europe";"Slovenia";"Slovenia";"Slovenia";"Slovenia";"Eslovênia";TRUE;705;"Slovenia";"SI";"SVN";"Yes";46,01;14,62;NA;NA;FALSE;"Slovenia";"Ljubljana";46,05;14,516667;"Europe";198
"Solomon Islands";"SLB";"East Asia & Pacific";"Oceania";"Solomon Islands";"Solomon Islands";"Solomon Islands";"Solomon Islands";"Ilhas Salomão";TRUE;90;"Solomon Islands";"SB";"SLB";"Yes";-9,42;159,77;NA;NA;NA;"Solomon Islands";"Honiara";-9,43333333333333;159,95;"Oceania";25
"Somalia";"SOM";"Sub-Saharan Africa";"Africa";"Somalia";"Somalia";"Somalia";"Somalia";"Somália";TRUE;706;"Somalia";"SO";"SOM";"Yes";2,54;43,86;NA;NA;NA;"Somalia";"Mogadishu";2,06666666666667;45,333333;"Africa";201
"South Africa";"ZAF";"Sub-Saharan Africa";"Africa";"South Africa";"South Africa";"South Africa";"South Africa";"África do Sul";TRUE;710;"South Africa";"ZA";"ZAF";"Yes";-29,78;24,83;NA;NA;NA;"South Africa";"Pretoria";-25,7;28,216667;"Africa";202
"Korea, Rep.";"KOR";"East Asia & Pacific";"Asia";"South Korea";"South Korea";"Republic of Korea";"Rep. of Korea";"Coreia do Sul";TRUE;410;"Korea, Republic of";"KR";"KOR";"Yes";36,63;127,97;NA;NA;NA;"South Korea";"Seoul";37,55;126,983333;"Asia";117
"South Sudan";"SSD";"Sub-Saharan Africa";"Africa";"South Sudan";"South Sudan";"South Sudan";"South Sudan";"Sudão do Sul";TRUE;728;"South Sudan";"SS";"SSD";"Yes";7,06;30,03;NA;NA;NA;"South Sudan";"Juba";4,85;31,616667;"Africa";277
"Spain";"ESP";"Europe & Central Asia";"Europe";"Spain";"Spain";"Spain";"Spain";"Espanha";TRUE;724;"Spain";"ES";"ESP";"Yes";40,147;-3,59;NA;NA;FALSE;"Spain";"Madrid";40,4;-3,683333;"Europe";203
"Sri Lanka";"LKA";"South Asia";"Asia";"Sri Lanka";"Sri Lanka";"Sri Lanka";"Sri Lanka";"Sri Lanka";TRUE;144;"Sri Lanka";"LK";"LKA";"Yes";7,48;80,8;NA;NA;NA;"Sri Lanka";"Colombo";6,91666666666667;79,833333;"Asia";38
"Sudan";"SDN";"Sub-Saharan Africa";"Africa";"Sudan";"Sudan";"Sudan";"Sudan";"Sudão";TRUE;729;"Sudan";"SD";"SDN";"Yes";15,83;30,26;NA;NA;NA;"Sudan";"Khartoum";15,6;32,533333;"Africa";276
"Suriname";"SUR";"Latin America & Caribbean";"America";"Suriname";"Suriname";"Suriname";"Suriname";"Suriname";TRUE;740;"Suriname";"SR";"SUR";"Yes";4,23;-55,96;NA;NA;NA;"Suriname";"Paramaribo";5,83333333333333;-55,166667;"South America";207
"Swaziland";"SWZ";"Sub-Saharan Africa";"Africa";"Swaziland";"Swaziland";"Swaziland";"Swaziland";"Suazilândia";TRUE;748;"Eswatini";"SZ";"SWZ";"Yes";-26,51;31,49;NA;NA;NA;"Swaziland";"Mbabane";-26,3166666666667;31,133333;"Africa";209
"Sweden";"SWE";"Europe & Central Asia";"Europe";"Sweden";"Sweden";"Sweden";"Sweden";"Suécia";TRUE;752;"Sweden";"SE";"SWE";"Yes";62,08;16,66;NA;NA;FALSE;"Sweden";"Stockholm";59,3333333333333;18,05;"Europe";210
"Switzerland";"CHE";"Europe & Central Asia";"Europe";"Switzerland";"Switzerland";"Switzerland";"Switzerland";"Suíça";TRUE;756;"Switzerland";"CH";"CHE";"Yes";46,91;8,26;NA;NA;NA;"Switzerland";"Bern";46,9166666666667;7,466667;"Europe";211
"Syrian Arab Republic";"SYR";"Middle East & North Africa";"Asia";"Syria";"Syria";"Syrian Arab Republic";"Syrian Arab Rep.";"Síria";TRUE;760;"Syrian Arab Republic";"SY";"SYR";"Yes";35,23;38,56;NA;NA;NA;"Syria";"Damascus";33,5;36,3;"Asia";212
"Tajikistan";"TJK";"Europe & Central Asia";"Asia";"Tajikistan";"Tajikistan";"Tajikistan";"Tajikistan";"Tadjiquistão";TRUE;762;"Tajikistan";"TJ";"TJK";"Yes";38,82;70,55;NA;NA;NA;"Tajikistan";"Dushanbe";38,55;68,766667;"Asia";208
"Tanzania";"TZA";"Sub-Saharan Africa";"Africa";"Tanzania";"Tanzania";"United Republic of Tanzania";"United Rep. of Tanzania";"Tanzânia";TRUE;834;"Tanzania, United Republic of";"TZ";"TZA";"Yes";-6,13;34,91;NA;NA;NA;"Tanzania";"Dar es Salaam";-6,8;39,283333;"Africa";215
"Thailand";"THA";"East Asia & Pacific";"Asia";"Thailand";"Thailand";"Thailand";"Thailand";"Tailândia";TRUE;764;"Thailand";"TH";"THA";"Yes";15,03;101,21;NA;NA;NA;"Thailand";"Bangkok";13,75;100,516667;"Asia";216
"Timor-Leste";"TLS";"East Asia & Pacific";"Asia";"Timor-Leste";"Timor-Leste";"Timor-Leste";"Timor-Leste";"Timor-Leste";TRUE;626;"Timor-Leste";"TL";"TLS";"Yes";-8,78;125,9;TRUE;NA;NA;"Timor-Leste";"Dili";-8,58333333333333;125,6;"Asia";176
"Togo";"TGO";"Sub-Saharan Africa";"Africa";"Togo";"Togo";"Togo";"Togo";"Togo";TRUE;768;"Togo";"TG";"TGO";"Yes";8,42;1,07;NA;NA;NA;"Togo";"Lome";6,11666666666667;1,216667;"Africa";217
"Tonga";"TON";"East Asia & Pacific";"Oceania";"Tonga";"Tonga";"Tonga";"Tonga";"Tonga";TRUE;776;"Tonga";"TO";"TON";"Yes";-21,18;-175,19;TRUE;NA;NA;"Tonga";"Nuku'alofa";-21,1333333333333;-175,2;"Oceania";219
"Trinidad and Tobago";"TTO";"Latin America & Caribbean";"America";"Trinidad";"Trinidad";"Trinidad and Tobago";"Trinidad and Tobago";"Trindade e Tobago";TRUE;780;"Trinidad and Tobago";"TT";"TTO";"Yes";10,3;-61,26;TRUE;NA;NA;"Trinidad and Tobago";"Port of Spain";10,65;-61,516667;"Central America";220
"Tunisia";"TUN";"Middle East & North Africa";"Africa";"Tunisia";"Tunisia";"Tunisia";"Tunisia";"Tunísia";TRUE;788;"Tunisia";"TN";"TUN";"Yes";33,97;9,78;NA;NA;NA;"Tunisia";"Tunis";36,8;10,183333;"Africa";222
"Turkey";"TUR";"Europe & Central Asia";"Europe";"Turkey";"Turkey";"Turkey";"Turkey";"Turquia";TRUE;792;"Turkey";"TR";"TUR";"Yes";39,21;35,51;NA;NA;NA;"Turkey";"Ankara";39,9333333333333;32,866667;"Europe";223
"Turkmenistan";"TKM";"Europe & Central Asia";"Asia";"Turkmenistan";"Turkmenistan";"Turkmenistan";"Turkmenistan";"Turcomenistão";TRUE;795;"Turkmenistan";"TM";"TKM";"Yes";39,46;58,96;NA;NA;NA;"Turkmenistan";"Ashgabat";37,95;58,383333;"Asia";213
"Tuvalu";"TUV";"East Asia & Pacific";"Oceania";"Tuvalu";"Tuvalu";"Tuvalu";"Tuvalu";"Tuvalu";TRUE;798;"Tuvalu";"TV";"TUV";"Yes";-8,51;179,11;TRUE;NA;NA;"Tuvalu";"Funafuti";-8,51666666666667;179,216667;"Oceania";227
"Uganda";"UGA";"Sub-Saharan Africa";"Africa";"Uganda";"Uganda";"Uganda";"Uganda";"Uganda";TRUE;800;"Uganda";"UG";"UGA";"Yes";1,2;32,5;NA;NA;NA;"Uganda";"Kampala";0,316666666666667;32,55;"Africa";226
"United Kingdom";"GBR";"Europe & Central Asia";"Europe";"UK";"UK";"United Kingdom";"United Kingdom";"Reino Unido";TRUE;826;"United Kingdom of Great Britain and Northern Ireland";"GB";"GBR";"Yes";54,11;-1,91;NA;NA;FALSE;"United Kingdom";"London";51,5;-0,083333;"Europe";229
"Ukraine";"UKR";"Europe & Central Asia";"Europe";"Ukraine";"Ukraine";"Ukraine";"Ukraine";"Ucrânia";TRUE;804;"Ukraine";"UA";"UKR";"Yes";49,18;31,46;NA;NA;NA;"Ukraine";"Kyiv";50,4333333333333;30,516667;"Europe";230
"United Arab Emirates";"ARE";"Middle East & North Africa";"Asia";"United Arab Emirates";"United Arab Emirates";"United Arab Emirates";"United Arab Emirates";"Emirados Árabes";TRUE;784;"United Arab Emirates";"AE";"ARE";"Yes";24,04;54,44;NA;NA;NA;"United Arab Emirates";"Abu Dhabi";24,4666666666667;54,366667;"Asia";225
"Uruguay";"URY";"Latin America & Caribbean";"America";"Uruguay";"Uruguay";"Uruguay";"Uruguay";"Uruguai";TRUE;858;"Uruguay";"UY";"URY";"Yes";-32,91;-55,97;NA;NA;NA;"Uruguay";"Montevideo";-34,85;-56,166667;"South America";234
"United States";"USA";"North America";"America";"USA";"USA";"United States of America";"United States of America";"Estados Unidos";TRUE;840;"United States of America";"US";"USA";"Yes";39,5;-101,38;NA;NA;NA;"United States";"Washington";38,883333;-77;"North America";231
"Uzbekistan";"UZB";"Europe & Central Asia";"Asia";"Uzbekistan";"Uzbekistan";"Uzbekistan";"Uzbekistan";"Uzbequistão";TRUE;860;"Uzbekistan";"UZ";"UZB";"Yes";41,67;63,61;NA;NA;NA;"Uzbekistan";"Tashkent";41,3166666666667;69,25;"Asia";235
"Vanuatu";"VUT";"East Asia & Pacific";"Oceania";"Vanuatu";"Vanuatu";"Vanuatu";"Vanuatu";"Vanuatu";TRUE;548;"Vanuatu";"VU";"VUT";"Yes";-15,59;167,48;TRUE;NA;NA;"Vanuatu";"Port-Vila";-17,7333333333333;168,316667;"Oceania";155
"Venezuela, RB";"VEN";"Latin America & Caribbean";"America";"Venezuela";"Venezuela";"Venezuela (Bolivarian Republic of)";"Venezuela (Bolivarian Republic of)";"Venezuela";TRUE;862;"Venezuela (Bolivarian Republic of)";"VE";"VEN";"Yes";7,48;-66,04;NA;NA;NA;"Venezuela";"Caracas";10,4833333333333;-66,866667;"South America";236
"Vietnam";"VNM";"East Asia & Pacific";"Asia";"Vietnam";"Vietnam";"Viet Nam";"Viet Nam";"Vietnã";TRUE;704;"Viet Nam";"VN";"VNM";"Yes";13,24;108,4;NA;NA;NA;"Vietnam";"Hanoi";21,0333333333333;105,85;"Asia";237
"Yemen, Rep.";"YEM";"Middle East & North Africa";"Asia";"Yemen";"Yemen";"Yemen";"Yemen";"Iêmen";TRUE;887;"Yemen";"YE";"YEM";"Yes";15,52;47,22;NA;NA;NA;"Yemen";"Sanaa";15,35;44,2;"Asia";249
"Zambia";"ZMB";"Sub-Saharan Africa";"Africa";"Zambia";"Zambia";"Zambia";"Zambia";"Zâmbia";TRUE;894;"Zambia";"ZM";"ZMB";"Yes";-14,17;27,84;NA;NA;NA;"Zambia";"Lusaka";-15,4166666666667;28,283333;"Africa";251
"Zimbabwe";"ZWE";"Sub-Saharan Africa";"Africa";"Zimbabwe";"Zimbabwe";"Zimbabwe";"Zimbabwe";"Zimbábue";TRUE;716;"Zimbabwe";"ZW";"ZWE";"Yes";-19,42;30,1;NA;NA;NA;"Zimbabwe";"Harare";-17,8166666666667;31,033333;"Africa";181
"American Samoa";"ASM";"East Asia & Pacific";"Oceania";"American Samoa";NA;"American Samoa";"American Samoa";"Samoa Americana";FALSE;16;"American Samoa";"AS";"ASM";"No";-14,3;-170,71;NA;"USA";NA;"American Samoa";"Pago Pago";-14,2666666666667;-170,7;"Oceania";NA
"Northern Mariana Islands";"MNP";"East Asia & Pacific";"Oceania";"Northern Mariana Islands";NA;"Northern Mariana Islands";"Northern Mariana Islands";"Ilhas Mariana do Norte";FALSE;580;"Northern Mariana Islands";"MP";"MNP";"No";15,09;145,73;NA;"USA";NA;"Northern Mariana Islands";"Saipan";15,2;145,75;"Oceania";NA
"Taiwan, China";"TWN";"East Asia & Pacific";"Asia";"Taiwan";NA;"China, Taiwan Province of China";"China, Taiwan Province of China";"Taiwan";FALSE;158;"Taiwan, Province of China[a]";"TW";"TWN";"No";23,65;120,97;NA;NA;NA;"Taiwan";"Taipei";25,0333333333333;121,516667;"Asia";214
"Faroe Islands";"FRO";"Europe & Central Asia";"Europe";"Faroe Islands";NA;"Faroe Islands";"Faroe Islands";"Ilhas Faroe";FALSE;234;"Faroe Islands";"FO";"FRO";"No";62,08;-6,9;NA;"Denmark";NA;"Faroe Islands";"Torshavn";62;-6,766667;"Europe";64
"Gibraltar";"GIB";"Europe & Central Asia";"Europe";"Gibraltar";NA;"Gibraltar";"Gibraltar";"Gibraltar";FALSE;292;"Gibraltar";"GI";"GIB";"No";36,13;-5,34;NA;"UK";NA;"Gibraltar";"Gibraltar";36,1333333333333;-5,35;"Europe";NA
"Greenland";"GRL";"Europe & Central Asia";"Europe";"Greenland";NA;"Greenland";"Greenland";"Groenlândia";FALSE;304;"Greenland";"GL";"GRL";"No";68,64;-43,28;NA;"Denmark";NA;"Greenland";"Nuuk";64,1833333333333;-51,75;"North America";NA
"Isle of Man";"IMN";"Europe & Central Asia";"Europe";"Isle of Man";NA;"Isle of Man";"Isle of Man";"Ilha de Man";FALSE;833;"Isle of Man";"IM";"IMN";"No";54,2;-4,55;NA;"UK";NA;"Isle of Man";"Douglas";54,15;-4,483333;"Europe";NA
"Kosovo";"XKX";"Europe & Central Asia";"Europe";"Kosovo";NA;"Kosovo";"Kosovo";"Kosovo";FALSE;NA;"Kosovo";NA;"KSV";"Yes";42,54;20,89;TRUE;NA;NA;NA;NA;NA;NA;"Europe";NA
"British Virgin Islands";"VGB";"Latin America & Caribbean";"America";"British Virgin Islands";NA;"British Virgin Islands";"British Virgin Islands";"Ilhas Virgens Britânicas";FALSE;92;"Virgin Islands (British)";"VG";"VGB";"No";18,42;-64,62;NA;"UK";NA;"British Virgin Islands";"Road Town";18,4166666666667;-64,616667;"Central America";NA
"Cayman Islands";"CYM";"Latin America & Caribbean";"America";"Cayman Islands";NA;"Cayman Islands";"Cayman Islands";"Ilhas Cayman";FALSE;136;"Cayman Islands";"KY";"CYM";"No";19,31;-81,24;NA;"UK";NA;"Cayman Islands";"George Town";19,3;-81,383333;"Central America";NA
"Dominica";"DMA";"Latin America & Caribbean";"America";"Dominica";NA;"Dominica";"Dominica";"Dominica";FALSE;212;"Dominica";"DM";"DMA";"Yes";15,4;-61,34;TRUE;NA;NA;"Dominica";"Roseau";15,3;-61,4;"Central America";55
"Sint Maarten (Dutch part)";"SXM";"Latin America & Caribbean";"America";"Sint Maarten";NA;"Sint Maarten";"Sint Maarten (Dutch part)";"Sint Maarten";FALSE;534;"Sint Maarten (Dutch part)";"SX";"SXM";"No";18,03;-63,05;NA;"Netherlands";NA;"Sint Maarten";"Philipsburg";18,0166666666667;-63,033333;"Central America";NA
"St. Kitts and Nevis";"KNA";"Latin America & Caribbean";"America";"Saint Kitts";NA;"Saint Kitts";"Saint Kitts and Nevis";"São Cristóvão e Névis";TRUE;659;"Saint Kitts and Nevis";"KN";"KNA";"Yes";17,28;-62,68;NA;"UK";NA;"Saint Kitts and Nevis";"Basseterre";17,3;-62,716667;"Central America";188
"St. Martin (French part)";"MAF";"Latin America & Caribbean";"America";"Saint Martin";NA;"Saint Martin";"Saint Martin";"Saint Martin";FALSE;663;"Saint Martin (French part)";"MF";"MAF";"No";18,09;-63,04;NA;"France";NA;"Saint Martin";"Marigot";18,0731;-63,0822;"Central America";NA
"Turks and Caicos Islands";"TCA";"Latin America & Caribbean";"America";"Turks and Caicos Islands";NA;"Turks and Caicos Islands";"Turks and Caicos Islands";"Ilhas Turcas e Caicos";FALSE;796;"Turks and Caicos Islands";"TC";"TCA";"No";21,77;-71,76;NA;"UK";NA;"Turks and Caicos Islands";"Grand Turk";21,4666666666667;-71,133333;"Central America";NA
"Virgin Islands (U.S.)";"VIR";"Latin America & Caribbean";"America";NA;NA;"Virgin Islands (U.S.)";"Virgin Islands (U.S.)";"Ilhas Virgens Americanas";FALSE;850;"Virgin Islands (U.S.)";"VI";"VIR";"No";17,72;-64,76;NA;"USA";NA;"US Virgin Islands";"Charlotte Amalie";18,35;-64,933333;"Central America";NA
"Bermuda";"BMU";"North America";"America";"Bermuda";NA;"Bermuda";"Bermuda";"Bermuda";FALSE;60;"Bermuda";"BM";"BMU";"No";32,3;-64,75;NA;"UK";NA;"Bermuda";"Hamilton";32,2833333333333;-64,783333;"Central America";NA
"Vatican";"VAT";NA;"Europe";"Vatican";NA;"Vatican";NA;"Vaticano";TRUE;NA;"Vatican City";NA;NA;"Yes";41,902841;12,45307;TRUE;NA;NA;NA;NA;NA;NA;NA;NA
NA;NA;NA;NA;"French Guiana";NA;NA;NA;"Guiana Francesa";FALSE;NA;"French Guyana";NA;NA;"No";4,075451;-53,156833;NA;"France";NA;NA;NA;NA;NA;NA;NA
"Tokelau";NA;"East Asia & Pacific";"Oceania";"Tokelau";"Tokelau";NA;NA;"Toquelau";FALSE;NA;"Tokelau";NA;NA;"Yes";-9,166667;-172;TRUE;"New Zealand";NA;"Tokelau";"Nukunonu";NA;NA;"Oceania";NA
NA;"SAH";"Sub-Saharan Africa";NA;"Western Sahara";NA;NA;NA;"Saara Ocidental";NA;NA;NA;NA;"SAH";NA;NA;NA;NA;NA;NA;"W. Sahara";NA;NA;NA;"Africa";NA
